id,submission_id,question_number,combo_type,topic,question_id,custom_question_text,is_not_remembered,created_at
2690,392,1,self_intro,자기소개,SLF_SYS_SYS_UNK_01,,f,2026-03-02 01:40:50.308775+09
2691,392,2,general_1,음악,MUS_GEN_SEL_DESC_01,,f,2026-03-02 01:40:50.308775+09
2692,392,3,general_1,음악,MUS_GEN_SEL_RTN_02,,f,2026-03-02 01:40:50.308775+09
2693,392,4,general_1,음악,MUS_GEN_SEL_CHILD_03,,f,2026-03-02 01:40:50.308775+09
2694,392,5,general_2,병원,HSP_GEN_COM_DESC_01,,f,2026-03-02 01:40:50.308775+09
2695,392,6,general_2,병원,HSP_GEN_COM_CHILD_03,,f,2026-03-02 01:40:50.308775+09
2696,392,7,general_2,병원,HSP_GEN_COM_SPC_05,,f,2026-03-02 01:40:50.308775+09
2697,392,8,general_3,해외여행,OTR_GEN_SEL_DESC_01,,f,2026-03-02 01:40:50.308775+09
2698,392,9,general_3,해외여행,OTR_GEN_SEL_CHILD_05,,f,2026-03-02 01:40:50.308775+09
2700,392,11,roleplay,파티,PTY_RP_COM_Q11_01,,f,2026-03-02 01:40:50.308775+09
2701,392,12,roleplay,파티,PTY_RP_COM_Q12_04,,f,2026-03-02 01:40:50.308775+09
2702,392,13,roleplay,파티,PTY_RP_COM_SPC_09,,f,2026-03-02 01:40:50.308775+09
2703,392,14,advance,집,HSG_ADV_SEL_Q14_01,,f,2026-03-02 01:40:50.308775+09
2704,392,15,advance,집,HSG_ADV_SEL_Q15_03,,f,2026-03-02 01:40:50.308775+09
2705,393,1,self_intro,자기소개,SLF_SYS_SYS_UNK_01,,f,2026-03-02 01:52:04.443569+09
2706,393,2,general_1,쇼핑,SHP_GEN_SEL_DESC_01,,f,2026-03-02 01:52:04.443569+09
2707,393,3,general_1,쇼핑,SHP_GEN_SEL_CHILD_06,,f,2026-03-02 01:52:04.443569+09
2708,393,4,general_1,쇼핑,SHP_GEN_SEL_SPC_08,,f,2026-03-02 01:52:04.443569+09
2709,393,5,general_2,음악,MUS_GEN_SEL_DESC_01,,f,2026-03-02 01:52:04.443569+09
2710,393,6,general_2,음악,MUS_GEN_SEL_CHILD_03,,f,2026-03-02 01:52:04.443569+09
2711,393,7,general_2,음악,MUS_GEN_SEL_SPC_04,,f,2026-03-02 01:52:04.443569+09
2712,393,8,general_3,국내여행,DTR_GEN_SEL_DESC_01,,f,2026-03-02 01:52:04.443569+09
2713,393,9,general_3,국내여행,DTR_GEN_SEL_CHILD_03,,f,2026-03-02 01:52:04.443569+09
2714,393,10,general_3,국내여행,DTR_GEN_SEL_SPC_04,,f,2026-03-02 01:52:04.443569+09
2715,393,11,roleplay,옷 구매,CLT_RP_COM_Q11_01,,f,2026-03-02 01:52:04.443569+09
2716,393,12,roleplay,옷 구매,CLT_RP_COM_Q12_03,,f,2026-03-02 01:52:04.443569+09
2717,393,13,roleplay,옷 구매,CLT_RP_COM_SPC_06,,f,2026-03-02 01:52:04.443569+09
2718,393,14,advance,건강,HLT_GEN_COM_CMP_06,,f,2026-03-02 01:52:04.443569+09
2719,393,15,advance,건강,HLT_ADV_COM_Q15_04,,f,2026-03-02 01:52:04.443569+09
2720,394,1,self_intro,자기소개,SLF_SYS_SYS_UNK_01,,f,2026-03-02 02:06:48.90363+09
2721,394,2,general_1,모임,GTH_GEN_COM_DESC_01,,f,2026-03-02 02:06:48.90363+09
2722,394,3,general_1,모임,GTH_GEN_COM_DESC_02,,f,2026-03-02 02:06:48.90363+09
2723,394,4,general_1,모임,GTH_GEN_COM_SPC_06,,f,2026-03-02 02:06:48.90363+09
2724,394,5,general_2,음악,MUS_GEN_SEL_DESC_01,,f,2026-03-02 02:06:48.90363+09
2725,394,6,general_2,음악,MUS_GEN_SEL_CHILD_03,,f,2026-03-02 02:06:48.90363+09
2726,394,7,general_2,음악,MUS_GEN_SEL_SPC_04,,f,2026-03-02 02:06:48.90363+09
2727,394,8,general_3,집에서 휴가,STV_GEN_SEL_DESC_01,,f,2026-03-02 02:06:48.90363+09
2728,394,9,general_3,집에서 휴가,STV_GEN_SEL_RTN_02,,f,2026-03-02 02:06:48.90363+09
2729,394,10,general_3,집에서 휴가,STV_GEN_SEL_SPC_04,,f,2026-03-02 02:06:48.90363+09
2730,394,11,roleplay,호텔(날씨),HTW_RP_COM_Q11_01,,f,2026-03-02 02:06:48.90363+09
2731,394,12,roleplay,호텔(날씨),HTW_RP_COM_Q12_02,,f,2026-03-02 02:06:48.90363+09
2732,394,13,roleplay,호텔(날씨),HTW_RP_COM_SPC_03,,f,2026-03-02 02:06:48.90363+09
2733,394,14,advance,가전제품,APL_ADV_COM_Q14_01,,f,2026-03-02 02:06:48.90363+09
2734,394,15,advance,가전제품,APL_GEN_COM_DESC_01,,f,2026-03-02 02:06:48.90363+09
2735,395,1,self_intro,자기소개,SLF_SYS_SYS_UNK_01,,f,2026-03-02 02:18:33.264882+09
2736,395,2,general_1,인터넷,INT_GEN_COM_RTN_03,,f,2026-03-02 02:18:33.264882+09
2737,395,3,general_1,인터넷,INT_GEN_COM_RTN_04,,f,2026-03-02 02:18:33.264882+09
2738,395,4,general_1,인터넷,INT_GEN_COM_CMP_06,,f,2026-03-02 02:18:33.264882+09
2739,395,5,general_2,음악,MUS_GEN_SEL_DESC_01,,f,2026-03-02 02:18:33.264882+09
2740,395,6,general_2,음악,MUS_GEN_SEL_CHILD_03,,f,2026-03-02 02:18:33.264882+09
2741,395,7,general_2,음악,MUS_GEN_SEL_SPC_04,,f,2026-03-02 02:18:33.264882+09
2742,395,8,general_3,국내여행,DTR_GEN_SEL_DESC_01,,f,2026-03-02 02:18:33.264882+09
2743,395,9,general_3,국내여행,DTR_GEN_SEL_CHILD_03,,f,2026-03-02 02:18:33.264882+09
2744,395,10,general_3,국내여행,DTR_GEN_SEL_SPC_04,,f,2026-03-02 02:18:33.264882+09
2745,395,11,roleplay,영화,MOV_RP_SEL_Q11_01,,f,2026-03-02 02:18:33.264882+09
2746,395,12,roleplay,영화,MOV_RP_SEL_Q12_03,,f,2026-03-02 02:18:33.264882+09
2747,395,13,roleplay,영화,MOV_RP_SEL_SPC_05,,f,2026-03-02 02:18:33.264882+09
2748,395,14,advance,전화기,PHN_ADV_COM_Q14_03,,f,2026-03-02 02:18:33.264882+09
2749,395,15,advance,전화기,PHN_ADV_COM_Q15_06,,f,2026-03-02 02:18:33.264882+09
2750,396,1,self_intro,자기소개,SLF_SYS_SYS_UNK_01,,f,2026-03-02 02:34:33.663441+09
2751,396,2,general_1,집,HSG_GEN_SEL_DESC_01,,f,2026-03-02 02:34:33.663441+09
2752,396,3,general_1,집,HSG_GEN_SEL_RTN_03,,f,2026-03-02 02:34:33.663441+09
2753,396,4,general_1,집,HSG_GEN_SEL_SPC_09,,f,2026-03-02 02:34:33.663441+09
2754,396,5,general_2,텔레비전,TV_GEN_SEL_DESC_01,,f,2026-03-02 02:34:33.663441+09
2755,396,6,general_2,텔레비전,TV_GEN_SEL_CMP_04,,f,2026-03-02 02:34:33.663441+09
2756,396,7,general_2,텔레비전,TV_GEN_SEL_RCT_06,,f,2026-03-02 02:34:33.663441+09
2757,396,8,general_3,가구,FRN_GEN_COM_DESC_01,,f,2026-03-02 02:34:33.663441+09
2758,396,9,general_3,가구,FRN_GEN_COM_CHILD_03,,f,2026-03-02 02:34:33.663441+09
2759,396,10,general_3,가구,FRN_GEN_COM_SPC_04,,f,2026-03-02 02:34:33.663441+09
2760,396,11,roleplay,영화,MOV_RP_SEL_Q11_01,,f,2026-03-02 02:34:33.663441+09
2761,396,12,roleplay,영화,MOV_RP_SEL_Q12_03,,f,2026-03-02 02:34:33.663441+09
2762,396,13,roleplay,영화,MOV_RP_SEL_SPC_05,,f,2026-03-02 02:34:33.663441+09
2763,396,14,advance,해외여행,OTR_ADV_SEL_Q14_01,,f,2026-03-02 02:34:33.663441+09
2764,396,15,advance,해외여행,OTR_ADV_SEL_Q15_02,,f,2026-03-02 02:34:33.663441+09
2780,398,1,self_intro,자기소개,SLF_SYS_SYS_UNK_01,,f,2026-03-02 02:53:27.755612+09
2781,398,2,general_1,산업,IND_GEN_COM_CMP_05,,f,2026-03-02 02:53:27.755612+09
2782,398,3,general_1,산업,IND_GEN_COM_CMP_06,,f,2026-03-02 02:53:27.755612+09
2783,398,4,general_1,산업,IND_GEN_COM_RTN_04,,f,2026-03-02 02:53:27.755612+09
2784,398,5,general_2,기술,TEC_GEN_COM_DESC_01,,f,2026-03-02 02:53:27.755612+09
2785,398,6,general_2,기술,TEC_GEN_COM_CMP_03,,f,2026-03-02 02:53:27.755612+09
2786,398,7,general_2,기술,TEC_GEN_COM_SPC_04,,f,2026-03-02 02:53:27.755612+09
2787,398,8,general_3,텔레비전,TV_GEN_SEL_DESC_01,,f,2026-03-02 02:53:27.755612+09
2788,398,9,general_3,텔레비전,TV_GEN_SEL_CMP_04,,f,2026-03-02 02:53:27.755612+09
2789,398,10,general_3,텔레비전,TV_GEN_SEL_RCT_06,,f,2026-03-02 02:53:27.755612+09
2790,398,11,roleplay,부동산,RES_RP_SEL_Q11_01,,f,2026-03-02 02:53:27.755612+09
2791,398,12,roleplay,부동산,RES_RP_SEL_Q12_02,,f,2026-03-02 02:53:27.755612+09
2792,398,13,roleplay,부동산,RES_RP_SEL_SPC_03,,f,2026-03-02 02:53:27.755612+09
2793,398,14,advance,음악,MUS_ADV_SEL_Q14_01,,f,2026-03-02 02:53:27.755612+09
2794,398,15,advance,음악,MUS_ADV_SEL_Q15_02,,f,2026-03-02 02:53:27.755612+09
2699,392,10,general_3,해외여행,OTR_GEN_SEL_SPC_08,,f,2026-03-02 01:40:50.308775+09
2795,399,1,self_intro,자기소개,SLF_SYS_SYS_UNK_01,,f,2026-03-02 03:22:04.476217+09
2796,399,2,general_1,영화,MOV_GEN_SEL_DESC_01,,f,2026-03-02 03:22:04.476217+09
2797,399,3,general_1,영화,MOV_GEN_SEL_RTN_02,,f,2026-03-02 03:22:04.476217+09
2798,399,4,general_1,영화,MOV_GEN_SEL_RCT_03,,f,2026-03-02 03:22:04.476217+09
2799,399,5,general_2,외국 국가,OTR_GEN_COM_DESC_02,,f,2026-03-02 03:22:04.476217+09
2800,399,6,general_2,외국 국가,OTR_GEN_COM_CHILD_06,,f,2026-03-02 03:22:04.476217+09
2801,399,7,general_2,외국 국가,OTR_GEN_COM_SPC_10,,f,2026-03-02 03:22:04.476217+09
2802,399,8,general_3,은행,BNK_GEN_COM_DESC_01,,f,2026-03-02 03:22:04.476217+09
2803,399,9,general_3,은행,BNK_GEN_COM_CMP_03,,f,2026-03-02 03:22:04.476217+09
2804,399,10,general_3,은행,BNK_GEN_COM_SPC_04,,f,2026-03-02 03:22:04.476217+09
2805,399,11,roleplay,부동산,RES_RP_SEL_Q11_01,,f,2026-03-02 03:22:04.476217+09
2806,399,12,roleplay,부동산,RES_RP_SEL_Q12_02,,f,2026-03-02 03:22:04.476217+09
2807,399,13,roleplay,부동산,RES_RP_SEL_SPC_03,,f,2026-03-02 03:22:04.476217+09
2808,399,14,advance,해외여행,OTR_ADV_SEL_Q14_01,,f,2026-03-02 03:22:04.476217+09
2809,399,15,advance,해외여행,OTR_ADV_SEL_Q15_02,,f,2026-03-02 03:22:04.476217+09
2810,400,1,self_intro,자기소개,SLF_SYS_SYS_UNK_01,,f,2026-03-02 03:22:42.009556+09
2811,400,2,general_1,기술,TEC_GEN_COM_DESC_01,,f,2026-03-02 03:22:42.009556+09
2812,400,3,general_1,기술,TEC_GEN_COM_DESC_02,,f,2026-03-02 03:22:42.009556+09
2813,400,4,general_1,기술,TEC_GEN_COM_CMP_03,,f,2026-03-02 03:22:42.009556+09
2814,400,5,general_2,집에서 휴가,STV_GEN_SEL_DESC_01,,f,2026-03-02 03:22:42.009556+09
2815,400,6,general_2,집에서 휴가,STV_GEN_SEL_RTN_02,,f,2026-03-02 03:22:42.009556+09
2816,400,7,general_2,집에서 휴가,STV_GEN_SEL_SPC_04,,f,2026-03-02 03:22:42.009556+09
2817,400,8,general_3,국내여행,DTR_GEN_SEL_DESC_01,,f,2026-03-02 03:22:42.009556+09
2818,400,9,general_3,국내여행,DTR_GEN_SEL_CHILD_03,,f,2026-03-02 03:22:42.009556+09
2819,400,10,general_3,국내여행,DTR_GEN_SEL_SPC_04,,f,2026-03-02 03:22:42.009556+09
2820,400,11,roleplay,헬스클럽,GYM_RP_COM_Q11_01,,f,2026-03-02 03:22:42.009556+09
2821,400,12,roleplay,헬스클럽,GYM_RP_COM_Q12_04,,f,2026-03-02 03:22:42.009556+09
2822,400,13,roleplay,헬스클럽,GYM_RP_COM_SPC_06,,f,2026-03-02 03:22:42.009556+09
2823,400,14,advance,음악,MUS_ADV_SEL_Q14_01,,f,2026-03-02 03:22:42.009556+09
2824,400,15,advance,음악,MUS_ADV_SEL_Q15_02,,f,2026-03-02 03:22:42.009556+09
2825,401,1,self_intro,자기소개,SLF_SYS_SYS_UNK_01,,f,2026-03-02 03:23:42.892035+09
2826,401,2,general_1,음악,MUS_GEN_SEL_DESC_01,,f,2026-03-02 03:23:42.892035+09
2827,401,3,general_1,음악,MUS_GEN_SEL_RTN_02,,f,2026-03-02 03:23:42.892035+09
2828,401,4,general_1,음악,MUS_GEN_SEL_CHILD_03,,f,2026-03-02 03:23:42.892035+09
2829,401,5,general_2,쇼핑,SHP_GEN_SEL_DESC_01,,f,2026-03-02 03:23:42.892035+09
2830,401,6,general_2,쇼핑,SHP_GEN_SEL_CHILD_06,,f,2026-03-02 03:23:42.892035+09
2831,401,7,general_2,쇼핑,SHP_GEN_SEL_SPC_08,,f,2026-03-02 03:23:42.892035+09
2832,401,8,general_3,기술,TEC_GEN_COM_DESC_01,,f,2026-03-02 03:23:42.892035+09
2833,401,9,general_3,기술,TEC_GEN_COM_CMP_03,,f,2026-03-02 03:23:42.892035+09
2834,401,10,general_3,기술,TEC_GEN_COM_SPC_04,,f,2026-03-02 03:23:42.892035+09
2835,401,11,roleplay,가구,FRN_RP_COM_Q11_01,,f,2026-03-02 03:23:42.892035+09
2836,401,12,roleplay,가구,FRN_RP_COM_Q12_03,,f,2026-03-02 03:23:42.892035+09
2837,401,13,roleplay,가구,FRN_RP_COM_SPC_04,,f,2026-03-02 03:23:42.892035+09
2838,401,14,advance,해외여행,OTR_ADV_SEL_Q14_01,,f,2026-03-02 03:23:42.892035+09
2839,401,15,advance,해외여행,OTR_ADV_SEL_Q15_02,,f,2026-03-02 03:23:42.892035+09
2840,403,1,self_intro,자기소개,SLF_SYS_SYS_UNK_01,,f,2026-03-10 15:49:48.408307+09
2841,403,2,general_1,집,HSG_GEN_SEL_DESC_01,,f,2026-03-10 15:49:48.408307+09
2842,403,3,general_1,집,HSG_GEN_SEL_RTN_03,,f,2026-03-10 15:49:48.408307+09
2843,403,4,general_1,집,HSG_GEN_SEL_CMP_05,,f,2026-03-10 15:49:48.408307+09
2844,403,5,general_2,국내여행,DTR_GEN_SEL_DESC_01,,f,2026-03-10 15:49:48.408307+09
2845,403,6,general_2,국내여행,DTR_GEN_SEL_CHILD_03,,f,2026-03-10 15:49:48.408307+09
2846,403,7,general_2,국내여행,DTR_GEN_SEL_SPC_04,,f,2026-03-10 15:49:48.408307+09
2847,403,8,general_3,병원,HSP_GEN_COM_DESC_01,,f,2026-03-10 15:49:48.408307+09
2848,403,9,general_3,병원,HSP_GEN_COM_CHILD_03,,f,2026-03-10 15:49:48.408307+09
2849,403,10,general_3,병원,HSP_GEN_COM_SPC_05,,f,2026-03-10 15:49:48.408307+09
2850,403,11,roleplay,렌터카,RCA_RP_COM_Q11_01,,f,2026-03-10 15:49:48.408307+09
2851,403,12,roleplay,렌터카,RCA_RP_COM_Q12_05,,f,2026-03-10 15:49:48.408307+09
2852,403,13,roleplay,렌터카,RCA_RP_COM_SPC_06,,f,2026-03-10 15:49:48.408307+09
2853,403,14,advance,음악,MUS_ADV_SEL_Q14_01,,f,2026-03-10 15:49:48.408307+09
2854,403,15,advance,음악,MUS_ADV_SEL_Q15_02,,f,2026-03-10 15:49:48.408307+09
2855,410,1,self_intro,자기소개,SLF_SYS_SYS_UNK_01,,f,2026-03-17 22:21:52.845046+09
2856,410,2,general_1,집,HSG_GEN_SEL_DESC_02,,f,2026-03-17 22:21:52.845046+09
2857,410,3,general_1,집,HSG_GEN_SEL_CMP_05,,f,2026-03-17 22:21:52.845046+09
2858,410,4,general_1,집,HSG_GEN_SEL_SPC_09,,f,2026-03-17 22:21:52.845046+09
2859,410,5,general_2,직장,WRK_GEN_COM_DESC_01,,f,2026-03-17 22:21:52.845046+09
2860,410,6,general_2,직장,WRK_GEN_COM_CMP_02,,f,2026-03-17 22:21:52.845046+09
2861,410,7,general_2,직장,WRK_GEN_COM_SPC_03,,f,2026-03-17 22:21:52.845046+09
2862,410,8,general_3,선호회사,PCO_GEN_COM_UNK_03,,f,2026-03-17 22:21:52.845046+09
2863,410,9,general_3,선호회사,PCO_GEN_COM_DESC_01,,f,2026-03-17 22:21:52.845046+09
2864,410,10,general_3,선호회사,PCO_GEN_COM_RTN_02,,f,2026-03-17 22:21:52.845046+09
2865,410,11,roleplay,공연,PFM_RP_SEL_Q11_01,,f,2026-03-17 22:21:52.845046+09
2866,410,12,roleplay,공연,PFM_RP_SEL_Q12_02,,f,2026-03-17 22:21:52.845046+09
2867,410,13,roleplay,공연,PFM_RP_SEL_SPC_03,,f,2026-03-17 22:21:52.845046+09
2868,410,14,advance,음악,MUS_ADV_SEL_Q14_01,,f,2026-03-17 22:21:52.845046+09
2869,410,15,advance,음악,MUS_ADV_SEL_Q15_02,,f,2026-03-17 22:21:52.845046+09
2870,411,1,self_intro,자기소개,SLF_SYS_SYS_UNK_01,,f,2026-03-18 10:24:03.510889+09
2871,411,2,general_1,전화기,PHN_GEN_COM_RTN_03,,f,2026-03-18 10:24:03.510889+09
2872,411,3,general_1,전화기,PHN_GEN_COM_RTN_04,,f,2026-03-18 10:24:03.510889+09
2873,411,4,general_1,전화기,PHN_GEN_COM_CHILD_06,,f,2026-03-18 10:24:03.510889+09
2874,411,5,general_2,직접 입력,,자주가는 공원 묘사,f,2026-03-18 10:24:03.510889+09
2875,411,6,general_2,직접 입력,,최근 공원 같은 경험,f,2026-03-18 10:24:03.510889+09
2876,411,7,general_2,직접 입력,,공원에서 기억 남는 사건,f,2026-03-18 10:24:03.510889+09
2877,411,8,general_3,음악,MUS_GEN_SEL_DESC_01,,f,2026-03-18 10:24:03.510889+09
2878,411,9,general_3,음악,MUS_GEN_SEL_CHILD_03,,f,2026-03-18 10:24:03.510889+09
2879,411,10,general_3,음악,MUS_GEN_SEL_SPC_04,,f,2026-03-18 10:24:03.510889+09
2880,411,11,roleplay,렌터카,RCA_RP_COM_Q11_02,,f,2026-03-18 10:24:03.510889+09
2881,411,12,roleplay,렌터카,RCA_RP_COM_Q12_05,,f,2026-03-18 10:24:03.510889+09
2882,411,13,roleplay,렌터카,RCA_RP_COM_SPC_07,,f,2026-03-18 10:24:03.510889+09
2883,411,14,advance,직접 입력,,기술이 우리의 삶을 어떻게 바꿨는지 끼친 영향,f,2026-03-18 10:24:03.510889+09
2884,411,15,advance,직접 입력,,요즘에 많이 얘기하거나 사용하는 기술,f,2026-03-18 10:24:03.510889+09
2885,415,1,self_intro,자기소개,SLF_SYS_SYS_UNK_01,,f,2026-03-19 01:36:53.019103+09
2886,415,2,general_1,음악,MUS_GEN_SEL_DESC_01,,f,2026-03-19 01:36:53.019103+09
2887,415,3,general_1,음악,MUS_GEN_SEL_CHILD_03,,f,2026-03-19 01:36:53.019103+09
2888,415,4,general_1,음악,MUS_GEN_SEL_SPC_04,,f,2026-03-19 01:36:53.019103+09
2889,415,5,general_2,집에서 휴가,STV_GEN_SEL_DESC_01,,f,2026-03-19 01:36:53.019103+09
2890,415,6,general_2,집에서 휴가,STV_GEN_SEL_RCT_03,,f,2026-03-19 01:36:53.019103+09
2891,415,7,general_2,집에서 휴가,STV_GEN_SEL_SPC_04,,f,2026-03-19 01:36:53.019103+09
2892,415,8,general_3,직장,WRK_GEN_COM_DESC_01,,f,2026-03-19 01:36:53.019103+09
2893,415,9,general_3,직장,WRK_GEN_COM_CMP_02,,f,2026-03-19 01:36:53.019103+09
2894,415,10,general_3,직장,WRK_GEN_COM_SPC_03,,f,2026-03-19 01:36:53.019103+09
2895,415,11,roleplay,MP3,MP3_RP_SEL_Q11_01,,f,2026-03-19 01:36:53.019103+09
2896,415,12,roleplay,MP3,MP3_RP_SEL_Q12_02,,f,2026-03-19 01:36:53.019103+09
2897,415,13,roleplay,MP3,MP3_RP_SEL_SPC_03,,f,2026-03-19 01:36:53.019103+09
2898,415,14,advance,건강,HLT_ADV_COM_Q14_01,,f,2026-03-19 01:36:53.019103+09
2899,415,15,advance,건강,HLT_ADV_COM_Q15_04,,f,2026-03-19 01:36:53.019103+09
2900,419,1,self_intro,자기소개,SLF_SYS_SYS_UNK_01,,f,2026-03-31 20:18:34.637644+09
2901,419,2,general_1,음악,MUS_GEN_SEL_DESC_01,,f,2026-03-31 20:18:34.637644+09
2902,419,3,general_1,음악,MUS_GEN_SEL_RTN_02,,f,2026-03-31 20:18:34.637644+09
2903,419,4,general_1,음악,MUS_GEN_SEL_CHILD_03,,f,2026-03-31 20:18:34.637644+09
2904,419,5,general_2,미용실,SAL_GEN_COM_DESC_01,,f,2026-03-31 20:18:34.637644+09
2905,419,6,general_2,미용실,SAL_GEN_COM_SPC_08,,f,2026-03-31 20:18:34.637644+09
2906,419,7,general_2,미용실,SAL_GEN_COM_DESC_03,,f,2026-03-31 20:18:34.637644+09
2907,419,8,general_3,지형,GEO_GEN_COM_DESC_01,,f,2026-03-31 20:18:34.637644+09
2908,419,9,general_3,지형,GEO_GEN_COM_RTN_03,,f,2026-03-31 20:18:34.637644+09
2909,419,10,general_3,지형,GEO_GEN_COM_CHILD_07,,f,2026-03-31 20:18:34.637644+09
2910,419,11,roleplay,친척집,REL_RP_SEL_Q11_01,,f,2026-03-31 20:18:34.637644+09
2911,419,12,roleplay,친척집,REL_RP_SEL_Q12_02,,f,2026-03-31 20:18:34.637644+09
2912,419,13,roleplay,친척집,REL_RP_SEL_SPC_03,,f,2026-03-31 20:18:34.637644+09
2913,419,14,advance,집에서 보내는 휴가,STV_ADV_SEL_Q14_01,,f,2026-03-31 20:18:34.637644+09
2914,419,15,advance,집에서 보내는 휴가,STV_ADV_SEL_Q15_02,,f,2026-03-31 20:18:34.637644+09
2915,420,1,self_intro,자기소개,SLF_SYS_SYS_UNK_01,,f,2026-03-31 20:19:43.054368+09
2916,420,2,general_1,직장,WRK_GEN_COM_DESC_01,,f,2026-03-31 20:19:43.054368+09
2917,420,3,general_1,직장,WRK_GEN_COM_CMP_02,,f,2026-03-31 20:19:43.054368+09
2918,420,4,general_1,직장,WRK_GEN_COM_SPC_03,,f,2026-03-31 20:19:43.054368+09
2919,420,5,general_2,음악,MUS_GEN_SEL_DESC_01,,f,2026-03-31 20:19:43.054368+09
2920,420,6,general_2,음악,MUS_GEN_SEL_CHILD_03,,f,2026-03-31 20:19:43.054368+09
2921,420,7,general_2,음악,MUS_GEN_SEL_SPC_04,,f,2026-03-31 20:19:43.054368+09
2922,420,8,general_3,국내여행,DTR_GEN_SEL_DESC_01,,f,2026-03-31 20:19:43.054368+09
2923,420,9,general_3,국내여행,DTR_GEN_SEL_CHILD_03,,f,2026-03-31 20:19:43.054368+09
2924,420,10,general_3,국내여행,DTR_GEN_SEL_SPC_04,,f,2026-03-31 20:19:43.054368+09
2925,420,11,roleplay,전화기,PHN_RP_COM_Q11_02,,f,2026-03-31 20:19:43.054368+09
2926,420,12,roleplay,전화기,PHN_RP_COM_Q12_06,,f,2026-03-31 20:19:43.054368+09
2927,420,13,roleplay,전화기,PHN_RP_COM_SPC_09,,f,2026-03-31 20:19:43.054368+09
2928,420,14,advance,집,HSG_ADV_SEL_Q14_02,,f,2026-03-31 20:19:43.054368+09
2929,420,15,advance,집,HSG_ADV_SEL_Q15_03,,f,2026-03-31 20:19:43.054368+09
2930,421,1,self_intro,자기소개,SLF_SYS_SYS_UNK_01,,f,2026-03-31 20:22:39.781658+09
2931,421,2,general_1,날씨,WTH_GEN_COM_DESC_02,,f,2026-03-31 20:22:39.781658+09
2932,421,3,general_1,날씨,WTH_GEN_COM_DESC_01,,f,2026-03-31 20:22:39.781658+09
2933,421,4,general_1,날씨,WTH_GEN_COM_CMP_03,,f,2026-03-31 20:22:39.781658+09
2934,421,5,general_2,집,HSG_GEN_SEL_DESC_02,,f,2026-03-31 20:22:39.781658+09
2935,421,6,general_2,집,HSG_GEN_SEL_CMP_05,,f,2026-03-31 20:22:39.781658+09
2936,421,7,general_2,집,HSG_GEN_SEL_SPC_07,,f,2026-03-31 20:22:39.781658+09
2937,421,8,general_3,음악,MUS_GEN_SEL_DESC_01,,f,2026-03-31 20:22:39.781658+09
2938,421,9,general_3,음악,MUS_GEN_SEL_CHILD_03,,f,2026-03-31 20:22:39.781658+09
2939,421,10,general_3,음악,MUS_GEN_SEL_SPC_04,,f,2026-03-31 20:22:39.781658+09
2940,421,11,roleplay,식료품점,GRC_RP_COM_Q11_01,,f,2026-03-31 20:22:39.781658+09
2941,421,12,roleplay,식료품점,GRC_RP_COM_Q12_02,,f,2026-03-31 20:22:39.781658+09
2942,421,13,roleplay,식료품점,GRC_RP_COM_SPC_03,,f,2026-03-31 20:22:39.781658+09
2943,421,14,advance,집에서 보내는 휴가,STV_ADV_SEL_Q14_01,,f,2026-03-31 20:22:39.781658+09
2944,421,15,advance,집에서 보내는 휴가,STV_ADV_SEL_Q15_02,,f,2026-03-31 20:22:39.781658+09
2945,422,1,self_intro,자기소개,SLF_SYS_SYS_UNK_01,,f,2026-03-31 20:23:17.831786+09
2946,422,2,general_1,음악,MUS_GEN_SEL_DESC_01,,f,2026-03-31 20:23:17.831786+09
2947,422,3,general_1,음악,MUS_GEN_SEL_RTN_02,,f,2026-03-31 20:23:17.831786+09
2948,422,4,general_1,음악,MUS_GEN_SEL_CHILD_03,,f,2026-03-31 20:23:17.831786+09
2949,422,5,general_2,은행,BNK_GEN_COM_DESC_01,,f,2026-03-31 20:23:17.831786+09
2950,422,6,general_2,은행,BNK_GEN_COM_RTN_02,,f,2026-03-31 20:23:17.831786+09
2951,422,7,general_2,은행,BNK_GEN_COM_CMP_03,,f,2026-03-31 20:23:17.831786+09
2952,422,8,general_3,교통,TRN_GEN_COM_DESC_01,,f,2026-03-31 20:23:17.831786+09
2953,422,9,general_3,교통,TRN_GEN_COM_RTN_02,,f,2026-03-31 20:23:17.831786+09
2954,422,10,general_3,교통,TRN_GEN_COM_CMP_03,,f,2026-03-31 20:23:17.831786+09
2955,422,11,roleplay,여행,TRP_RP_SEL_Q11_01,,f,2026-03-31 20:23:17.831786+09
2956,422,12,roleplay,여행,TRP_RP_SEL_Q12_05,,f,2026-03-31 20:23:17.831786+09
2957,422,13,roleplay,여행,TRP_RP_SEL_SPC_09,,f,2026-03-31 20:23:17.831786+09
2958,422,14,advance,집,HSG_ADV_SEL_Q15_03,,f,2026-03-31 20:23:17.831786+09
2959,422,15,advance,집,HSG_ADV_SEL_Q14_02,,f,2026-03-31 20:23:17.831786+09
2960,423,1,self_intro,자기소개,SLF_SYS_SYS_UNK_01,,f,2026-03-31 20:28:48.865426+09
2961,423,2,general_1,음식점,RST_GEN_COM_RTN_08,,f,2026-03-31 20:28:48.865426+09
2962,423,3,general_1,음식점,RST_GEN_COM_RTN_09,,f,2026-03-31 20:28:48.865426+09
2963,423,4,general_1,음식점,RST_GEN_COM_CHILD_11,,f,2026-03-31 20:28:48.865426+09
2964,423,5,general_2,음악,MUS_GEN_SEL_DESC_01,,f,2026-03-31 20:28:48.865426+09
2965,423,6,general_2,음악,MUS_GEN_SEL_CHILD_03,,f,2026-03-31 20:28:48.865426+09
2966,423,7,general_2,음악,MUS_GEN_SEL_SPC_04,,f,2026-03-31 20:28:48.865426+09
2967,423,8,general_3,집,HSG_GEN_SEL_DESC_02,,f,2026-03-31 20:28:48.865426+09
2968,423,9,general_3,집,HSG_GEN_SEL_CMP_05,,f,2026-03-31 20:28:48.865426+09
2969,423,10,general_3,집,HSG_GEN_SEL_SPC_07,,f,2026-03-31 20:28:48.865426+09
2970,423,11,roleplay,여행,TRP_RP_SEL_Q11_01,,f,2026-03-31 20:28:48.865426+09
2971,423,12,roleplay,여행,TRP_RP_SEL_Q12_05,,f,2026-03-31 20:28:48.865426+09
2972,423,13,roleplay,여행,TRP_RP_SEL_SPC_09,,f,2026-03-31 20:28:48.865426+09
2973,423,14,advance,모임,GTH_ADV_COM_Q14_02,,f,2026-03-31 20:28:48.865426+09
2974,423,15,advance,모임,GTH_ADV_COM_Q15_04,,f,2026-03-31 20:28:48.865426+09
2975,424,1,self_intro,자기소개,SLF_SYS_SYS_UNK_01,,f,2026-03-31 20:29:44.288115+09
2976,424,2,general_1,병원,HSP_GEN_COM_DESC_01,,f,2026-03-31 20:29:44.288115+09
2977,424,3,general_1,병원,HSP_GEN_COM_RCT_04,,f,2026-03-31 20:29:44.288115+09
2978,424,4,general_1,병원,HSP_GEN_COM_CHILD_03,,f,2026-03-31 20:29:44.288115+09
2979,424,5,general_2,쇼핑,SHP_GEN_SEL_DESC_01,,f,2026-03-31 20:29:44.288115+09
2980,424,6,general_2,쇼핑,SHP_GEN_SEL_CHILD_05,,f,2026-03-31 20:29:44.288115+09
2981,424,7,general_2,쇼핑,SHP_GEN_SEL_SPC_08,,f,2026-03-31 20:29:44.288115+09
2982,424,8,general_3,치과,DNT_GEN_COM_CMP_03,,f,2026-03-31 20:29:44.288115+09
2983,424,9,general_3,치과,DNT_GEN_COM_DESC_01,,f,2026-03-31 20:29:44.288115+09
2984,424,10,general_3,치과,DNT_GEN_COM_RCT_04,,f,2026-03-31 20:29:44.288115+09
2985,424,11,roleplay,공연,PFM_RP_SEL_Q11_01,,f,2026-03-31 20:29:44.288115+09
2986,424,12,roleplay,공연,PFM_RP_SEL_Q12_02,,f,2026-03-31 20:29:44.288115+09
2987,424,13,roleplay,공연,PFM_RP_SEL_SPC_03,,f,2026-03-31 20:29:44.288115+09
2988,424,14,advance,음악,MUS_ADV_SEL_Q14_01,,f,2026-03-31 20:29:44.288115+09
2989,424,15,advance,음악,MUS_ADV_SEL_Q15_02,,f,2026-03-31 20:29:44.288115+09
2990,425,1,self_intro,자기소개,SLF_SYS_SYS_UNK_01,,f,2026-03-31 20:37:58.954489+09
2991,425,2,general_1,기술,TEC_GEN_COM_DESC_01,,f,2026-03-31 20:37:58.954489+09
2992,425,3,general_1,기술,TEC_GEN_COM_DESC_02,,f,2026-03-31 20:37:58.954489+09
2993,425,4,general_1,기술,TEC_GEN_COM_CMP_03,,f,2026-03-31 20:37:58.954489+09
2994,425,5,general_2,집에서 보내는 휴가,STV_GEN_SEL_DESC_01,,f,2026-03-31 20:37:58.954489+09
2995,425,6,general_2,집에서 보내는 휴가,STV_GEN_SEL_RTN_02,,f,2026-03-31 20:37:58.954489+09
2996,425,7,general_2,집에서 보내는 휴가,STV_GEN_SEL_RCT_03,,f,2026-03-31 20:37:58.954489+09
2997,425,8,general_3,미용실,SAL_GEN_COM_DESC_01,,f,2026-03-31 20:37:58.954489+09
2998,425,9,general_3,미용실,SAL_GEN_COM_DESC_02,,f,2026-03-31 20:37:58.954489+09
2999,425,10,general_3,미용실,SAL_GEN_COM_RTN_06,,f,2026-03-31 20:37:58.954489+09
3000,425,11,roleplay,MP3,MP3_RP_SEL_Q11_01,,f,2026-03-31 20:37:58.954489+09
3001,425,12,roleplay,MP3,MP3_RP_SEL_Q12_02,,f,2026-03-31 20:37:58.954489+09
3002,425,13,roleplay,MP3,MP3_RP_SEL_SPC_03,,f,2026-03-31 20:37:58.954489+09
3003,425,14,advance,쇼핑,SHP_ADV_SEL_Q14_01,,f,2026-03-31 20:37:58.954489+09
3004,425,15,advance,쇼핑,SHP_ADV_SEL_Q15_02,,f,2026-03-31 20:37:58.954489+09
3005,426,1,self_intro,자기소개,SLF_SYS_SYS_UNK_01,,f,2026-03-31 20:39:21.78761+09
3006,426,2,general_1,미용실,SAL_GEN_COM_DESC_01,,f,2026-03-31 20:39:21.78761+09
3007,426,3,general_1,미용실,SAL_GEN_COM_DESC_02,,f,2026-03-31 20:39:21.78761+09
3008,426,4,general_1,미용실,SAL_GEN_COM_SPC_08,,f,2026-03-31 20:39:21.78761+09
3009,426,5,general_2,집,HSG_GEN_SEL_DESC_01,,f,2026-03-31 20:39:21.78761+09
3010,426,6,general_2,집,HSG_GEN_SEL_SPC_09,,f,2026-03-31 20:39:21.78761+09
3011,426,7,general_2,집,HSG_GEN_SEL_SPC_10,,f,2026-03-31 20:39:21.78761+09
3012,426,8,general_3,국내여행,DTR_GEN_SEL_DESC_01,,f,2026-03-31 20:39:21.78761+09
3013,426,9,general_3,국내여행,DTR_GEN_SEL_CHILD_03,,f,2026-03-31 20:39:21.78761+09
3014,426,10,general_3,국내여행,DTR_GEN_SEL_SPC_04,,f,2026-03-31 20:39:21.78761+09
3015,426,11,roleplay,인터넷,INT_RP_COM_Q11_01,,f,2026-03-31 20:39:21.78761+09
3016,426,12,roleplay,인터넷,INT_RP_COM_Q12_02,,f,2026-03-31 20:39:21.78761+09
3017,426,13,roleplay,인터넷,INT_RP_COM_SPC_04,,f,2026-03-31 20:39:21.78761+09
3018,426,14,advance,음악,MUS_ADV_SEL_Q14_01,,f,2026-03-31 20:39:21.78761+09
3019,426,15,advance,음악,MUS_ADV_SEL_Q15_02,,f,2026-03-31 20:39:21.78761+09
3020,427,1,self_intro,자기소개,SLF_SYS_SYS_UNK_01,,f,2026-03-31 20:40:36.043052+09
3021,427,2,general_1,음악,MUS_GEN_SEL_DESC_01,,f,2026-03-31 20:40:36.043052+09
3022,427,3,general_1,음악,MUS_GEN_SEL_CHILD_03,,f,2026-03-31 20:40:36.043052+09
3023,427,4,general_1,음악,MUS_GEN_SEL_SPC_04,,f,2026-03-31 20:40:36.043052+09
3024,427,5,general_2,집에서 휴가,STV_GEN_SEL_DESC_01,,f,2026-03-31 20:40:36.043052+09
3110,433,1,self_intro,자기소개,SLF_SYS_SYS_UNK_01,,f,2026-03-31 20:47:51.0186+09
3025,427,6,general_2,집에서 휴가,STV_GEN_SEL_RCT_03,,f,2026-03-31 20:40:36.043052+09
3026,427,7,general_2,집에서 휴가,STV_GEN_SEL_SPC_04,,f,2026-03-31 20:40:36.043052+09
3027,427,8,general_3,기술,TEC_GEN_COM_DESC_02,,f,2026-03-31 20:40:36.043052+09
3028,427,9,general_3,기술,TEC_GEN_COM_CMP_03,,f,2026-03-31 20:40:36.043052+09
3029,427,10,general_3,기술,TEC_GEN_COM_SPC_04,,f,2026-03-31 20:40:36.043052+09
3030,427,11,roleplay,주말초대,WKI_RP_COM_Q11_01,,f,2026-03-31 20:40:36.043052+09
3031,427,12,roleplay,주말초대,WKI_RP_COM_Q12_02,,f,2026-03-31 20:40:36.043052+09
3032,427,13,roleplay,주말초대,WKI_RP_COM_SPC_03,,f,2026-03-31 20:40:36.043052+09
3033,427,14,advance,국내여행,DTR_ADV_SEL_Q14_01,,f,2026-03-31 20:40:36.043052+09
3034,427,15,advance,국내여행,DTR_ADV_SEL_Q15_02,,f,2026-03-31 20:40:36.043052+09
3035,428,1,self_intro,자기소개,SLF_SYS_SYS_UNK_01,,f,2026-03-31 20:41:35.084359+09
3036,428,2,general_1,은행,BNK_GEN_COM_DESC_01,,f,2026-03-31 20:41:35.084359+09
3037,428,3,general_1,은행,BNK_GEN_COM_RTN_02,,f,2026-03-31 20:41:35.084359+09
3038,428,4,general_1,은행,BNK_GEN_COM_CMP_03,,f,2026-03-31 20:41:35.084359+09
3039,428,5,general_2,텔레비전,TV_GEN_SEL_DESC_01,,f,2026-03-31 20:41:35.084359+09
3040,428,6,general_2,텔레비전,TV_GEN_SEL_CMP_04,,f,2026-03-31 20:41:35.084359+09
3041,428,7,general_2,텔레비전,TV_GEN_SEL_RCT_06,,f,2026-03-31 20:41:35.084359+09
3042,428,8,general_3,패션,FSH_GEN_COM_DESC_01,,f,2026-03-31 20:41:35.084359+09
3043,428,9,general_3,패션,FSH_GEN_COM_CMP_04,,f,2026-03-31 20:41:35.084359+09
3044,428,10,general_3,패션,FSH_GEN_COM_RCT_05,,f,2026-03-31 20:41:35.084359+09
3045,428,11,roleplay,MP3,MP3_RP_SEL_Q11_01,,f,2026-03-31 20:41:35.084359+09
3046,428,12,roleplay,MP3,MP3_RP_SEL_Q12_02,,f,2026-03-31 20:41:35.084359+09
3047,428,13,roleplay,MP3,MP3_RP_SEL_SPC_03,,f,2026-03-31 20:41:35.084359+09
3048,428,14,advance,집,HSG_ADV_SEL_Q14_01,,f,2026-03-31 20:41:35.084359+09
3049,428,15,advance,집,HSG_ADV_SEL_Q15_03,,f,2026-03-31 20:41:35.084359+09
3050,429,1,self_intro,자기소개,SLF_SYS_SYS_UNK_01,,f,2026-03-31 20:42:15.331017+09
3051,429,2,general_1,은행,BNK_GEN_COM_DESC_01,,f,2026-03-31 20:42:15.331017+09
3052,429,3,general_1,은행,BNK_GEN_COM_CMP_03,,f,2026-03-31 20:42:15.331017+09
3053,429,4,general_1,은행,BNK_GEN_COM_SPC_04,,f,2026-03-31 20:42:15.331017+09
3054,429,5,general_2,국내여행,DTR_GEN_SEL_DESC_01,,f,2026-03-31 20:42:15.331017+09
3055,429,6,general_2,국내여행,DTR_GEN_SEL_CHILD_03,,f,2026-03-31 20:42:15.331017+09
3056,429,7,general_2,국내여행,DTR_GEN_SEL_SPC_04,,f,2026-03-31 20:42:15.331017+09
3057,429,8,general_3,영화,MOV_GEN_SEL_RTN_02,,f,2026-03-31 20:42:15.331017+09
3058,429,9,general_3,영화,MOV_GEN_SEL_SPC_04,,f,2026-03-31 20:42:15.331017+09
3059,429,10,general_3,영화,MOV_GEN_SEL_RCT_03,,f,2026-03-31 20:42:15.331017+09
3060,429,11,roleplay,MP3,MP3_RP_SEL_Q11_01,,f,2026-03-31 20:42:15.331017+09
3061,429,12,roleplay,MP3,MP3_RP_SEL_Q12_02,,f,2026-03-31 20:42:15.331017+09
3062,429,13,roleplay,MP3,MP3_RP_SEL_SPC_03,,f,2026-03-31 20:42:15.331017+09
3063,429,14,advance,지형,GEO_ADV_COM_Q14_01,,f,2026-03-31 20:42:15.331017+09
3064,429,15,advance,지형,GEO_ADV_COM_Q15_03,,f,2026-03-31 20:42:15.331017+09
3065,430,1,self_intro,자기소개,SLF_SYS_SYS_UNK_01,,f,2026-03-31 20:43:29.638803+09
3066,430,2,general_1,집,HSG_GEN_SEL_DESC_01,,f,2026-03-31 20:43:29.638803+09
3067,430,3,general_1,집,HSG_GEN_SEL_CHILD_06,,f,2026-03-31 20:43:29.638803+09
3068,430,4,general_1,집,HSG_GEN_SEL_RTN_03,,f,2026-03-31 20:43:29.638803+09
3069,430,5,general_2,재활용,RCY_GEN_COM_DESC_01,,f,2026-03-31 20:43:29.638803+09
3070,430,6,general_2,재활용,RCY_GEN_COM_RTN_03,,f,2026-03-31 20:43:29.638803+09
3071,430,7,general_2,재활용,RCY_GEN_COM_SPC_05,,f,2026-03-31 20:43:29.638803+09
3072,430,8,general_3,호텔,HTL_GEN_COM_DESC_01,,f,2026-03-31 20:43:29.638803+09
3073,430,9,general_3,호텔,HTL_GEN_COM_SPC_04,,f,2026-03-31 20:43:29.638803+09
3074,430,10,general_3,호텔,HTL_GEN_COM_RCT_03,,f,2026-03-31 20:43:29.638803+09
3075,430,11,roleplay,공연,PFM_RP_SEL_Q11_01,,f,2026-03-31 20:43:29.638803+09
3076,430,12,roleplay,공연,PFM_RP_SEL_Q12_02,,f,2026-03-31 20:43:29.638803+09
3077,430,13,roleplay,공연,PFM_RP_SEL_SPC_03,,f,2026-03-31 20:43:29.638803+09
3078,430,14,advance,음악,MUS_ADV_SEL_Q14_01,,f,2026-03-31 20:43:29.638803+09
3079,430,15,advance,음악,MUS_ADV_SEL_Q15_02,,f,2026-03-31 20:43:29.638803+09
3080,431,1,self_intro,자기소개,SLF_SYS_SYS_UNK_01,,f,2026-03-31 20:44:29.065953+09
3081,431,2,general_1,미용실,SAL_GEN_COM_DESC_01,,f,2026-03-31 20:44:29.065953+09
3082,431,3,general_1,미용실,SAL_GEN_COM_DESC_02,,f,2026-03-31 20:44:29.065953+09
3083,431,4,general_1,미용실,SAL_GEN_COM_SPC_08,,f,2026-03-31 20:44:29.065953+09
3084,431,5,general_2,집,HSG_GEN_SEL_DESC_02,,f,2026-03-31 20:44:29.065953+09
3085,431,6,general_2,집,HSG_GEN_SEL_CHILD_06,,f,2026-03-31 20:44:29.065953+09
3086,431,7,general_2,집,HSG_GEN_SEL_SPC_08,,f,2026-03-31 20:44:29.065953+09
3087,431,8,general_3,음악,MUS_GEN_SEL_DESC_01,,f,2026-03-31 20:44:29.065953+09
3088,431,9,general_3,음악,MUS_GEN_SEL_CHILD_03,,f,2026-03-31 20:44:29.065953+09
3089,431,10,general_3,음악,MUS_GEN_SEL_SPC_04,,f,2026-03-31 20:44:29.065953+09
3090,431,11,roleplay,렌터카,RCA_RP_COM_Q11_01,,f,2026-03-31 20:44:29.065953+09
3091,431,12,roleplay,렌터카,RCA_RP_COM_Q12_05,,f,2026-03-31 20:44:29.065953+09
3092,431,13,roleplay,렌터카,RCA_RP_COM_SPC_07,,f,2026-03-31 20:44:29.065953+09
3093,431,14,advance,음식,FOD_ADV_COM_Q15_02,,f,2026-03-31 20:44:29.065953+09
3094,431,15,advance,음식,FOD_ADV_COM_Q14_01,,f,2026-03-31 20:44:29.065953+09
3095,432,1,self_intro,자기소개,SLF_SYS_SYS_UNK_01,,f,2026-03-31 20:45:50.61059+09
3096,432,2,general_1,기술,TEC_GEN_COM_DESC_02,,f,2026-03-31 20:45:50.61059+09
3097,432,3,general_1,기술,TEC_GEN_COM_DESC_01,,f,2026-03-31 20:45:50.61059+09
3098,432,4,general_1,기술,TEC_GEN_COM_CMP_03,,f,2026-03-31 20:45:50.61059+09
3099,432,5,general_2,음악,MUS_GEN_SEL_DESC_01,,f,2026-03-31 20:45:50.61059+09
3100,432,6,general_2,음악,MUS_GEN_SEL_CHILD_03,,f,2026-03-31 20:45:50.61059+09
3101,432,7,general_2,음악,MUS_GEN_SEL_SPC_04,,f,2026-03-31 20:45:50.61059+09
3102,432,8,general_3,국내여행,DTR_GEN_SEL_DESC_01,,f,2026-03-31 20:45:50.61059+09
3103,432,9,general_3,국내여행,DTR_GEN_SEL_CHILD_03,,f,2026-03-31 20:45:50.61059+09
3104,432,10,general_3,국내여행,DTR_GEN_SEL_SPC_04,,f,2026-03-31 20:45:50.61059+09
3107,432,13,roleplay,친척집,REL_RP_SEL_SPC_03,,f,2026-03-31 20:45:50.61059+09
3108,432,14,advance,산업,IND_ADV_COM_Q14_01,,f,2026-03-31 20:45:50.61059+09
3109,432,15,advance,산업,IND_ADV_COM_Q15_03,,f,2026-03-31 20:45:50.61059+09
3105,432,11,roleplay,친척집,REL_RP_SEL_Q11_01,,f,2026-03-31 20:45:50.61059+09
3106,432,12,roleplay,친척집,REL_RP_SEL_Q12_02,,f,2026-03-31 20:45:50.61059+09
3111,433,2,general_1,은행,BNK_GEN_COM_DESC_01,,f,2026-03-31 20:47:51.0186+09
3112,433,3,general_1,은행,BNK_GEN_COM_CMP_03,,f,2026-03-31 20:47:51.0186+09
3113,433,4,general_1,은행,BNK_GEN_COM_SPC_04,,f,2026-03-31 20:47:51.0186+09
3114,433,5,general_2,음악,MUS_GEN_SEL_DESC_01,,f,2026-03-31 20:47:51.0186+09
3115,433,6,general_2,음악,MUS_GEN_SEL_SPC_04,,f,2026-03-31 20:47:51.0186+09
3116,433,7,general_2,음악,MUS_GEN_SEL_CHILD_03,,f,2026-03-31 20:47:51.0186+09
3117,433,8,general_3,집에서 휴가,STV_GEN_SEL_DESC_01,,f,2026-03-31 20:47:51.0186+09
3118,433,9,general_3,집에서 휴가,STV_GEN_SEL_RCT_03,,f,2026-03-31 20:47:51.0186+09
3119,433,10,general_3,집에서 휴가,STV_GEN_SEL_SPC_04,,f,2026-03-31 20:47:51.0186+09
3120,433,11,roleplay,친척집,REL_RP_SEL_Q11_01,,f,2026-03-31 20:47:51.0186+09
3121,433,12,roleplay,친척집,REL_RP_SEL_Q12_02,,f,2026-03-31 20:47:51.0186+09
3122,433,13,roleplay,친척집,REL_RP_SEL_SPC_03,,f,2026-03-31 20:47:51.0186+09
3123,433,14,advance,전화기,PHN_ADV_COM_Q14_01,,f,2026-03-31 20:47:51.0186+09
3124,433,15,advance,전화기,PHN_ADV_COM_Q15_04,,f,2026-03-31 20:47:51.0186+09
3125,434,1,self_intro,자기소개,SLF_SYS_SYS_UNK_01,,f,2026-03-31 20:48:27.182941+09
3126,434,2,general_1,음악,MUS_GEN_SEL_DESC_01,,f,2026-03-31 20:48:27.182941+09
3127,434,3,general_1,음악,MUS_GEN_SEL_RTN_02,,f,2026-03-31 20:48:27.182941+09
3128,434,4,general_1,음악,MUS_GEN_SEL_CHILD_03,,f,2026-03-31 20:48:27.182941+09
3129,434,5,general_2,영화,MOV_GEN_SEL_DESC_01,,f,2026-03-31 20:48:27.182941+09
3130,434,6,general_2,영화,MOV_GEN_SEL_RCT_03,,f,2026-03-31 20:48:27.182941+09
3131,434,7,general_2,영화,MOV_GEN_SEL_SPC_05,,f,2026-03-31 20:48:27.182941+09
3132,434,8,general_3,패션,FSH_GEN_COM_DESC_01,,f,2026-03-31 20:48:27.182941+09
3133,434,9,general_3,패션,FSH_GEN_COM_CMP_04,,f,2026-03-31 20:48:27.182941+09
3134,434,10,general_3,패션,FSH_GEN_COM_RCT_05,,f,2026-03-31 20:48:27.182941+09
3135,434,11,roleplay,은행,BNK_RP_COM_Q11_02,,f,2026-03-31 20:48:27.182941+09
3136,434,12,roleplay,은행,BNK_RP_COM_Q12_03,,f,2026-03-31 20:48:27.182941+09
3137,434,13,roleplay,은행,BNK_RP_COM_SPC_05,,f,2026-03-31 20:48:27.182941+09
3138,434,14,advance,집,HSG_ADV_SEL_Q14_01,,f,2026-03-31 20:48:27.182941+09
3139,434,15,advance,집,HSG_ADV_SEL_Q15_03,,f,2026-03-31 20:48:27.182941+09
3140,435,1,self_intro,자기소개,SLF_SYS_SYS_UNK_01,,f,2026-03-31 20:49:27.700213+09
3141,435,2,general_1,집,HSG_GEN_SEL_DESC_02,,f,2026-03-31 20:49:27.700213+09
3142,435,3,general_1,집,HSG_GEN_SEL_RTN_03,,f,2026-03-31 20:49:27.700213+09
3143,435,4,general_1,집,HSG_GEN_SEL_CMP_05,,f,2026-03-31 20:49:27.700213+09
3144,435,5,general_2,음악,MUS_GEN_SEL_DESC_01,,f,2026-03-31 20:49:27.700213+09
3145,435,6,general_2,음악,MUS_GEN_SEL_RTN_02,,f,2026-03-31 20:49:27.700213+09
3146,435,7,general_2,음악,MUS_GEN_SEL_SPC_04,,f,2026-03-31 20:49:27.700213+09
3147,435,8,general_3,예약,APT_GEN_COM_CHILD_03,,f,2026-03-31 20:49:27.700213+09
3148,435,9,general_3,예약,APT_GEN_COM_DESC_01,,f,2026-03-31 20:49:27.700213+09
3149,435,10,general_3,예약,APT_GEN_COM_RTN_02,,f,2026-03-31 20:49:27.700213+09
3150,435,11,roleplay,영화,MOV_RP_SEL_Q11_02,,f,2026-03-31 20:49:27.700213+09
3151,435,12,roleplay,영화,MOV_RP_SEL_Q12_03,,f,2026-03-31 20:49:27.700213+09
3152,435,13,roleplay,영화,MOV_RP_SEL_SPC_05,,f,2026-03-31 20:49:27.700213+09
3153,435,14,advance,지형,GEO_ADV_COM_Q14_02,,f,2026-03-31 20:49:27.700213+09
3154,435,15,advance,지형,GEO_ADV_COM_Q14_01,,f,2026-03-31 20:49:27.700213+09
3155,436,1,self_intro,자기소개,SLF_SYS_SYS_UNK_01,,f,2026-03-31 20:50:02.535802+09
3156,436,2,general_1,음악,MUS_GEN_SEL_DESC_01,,f,2026-03-31 20:50:02.535802+09
3157,436,3,general_1,음악,MUS_GEN_SEL_CHILD_03,,f,2026-03-31 20:50:02.535802+09
3158,436,4,general_1,음악,MUS_GEN_SEL_SPC_04,,f,2026-03-31 20:50:02.535802+09
3159,436,5,general_2,국내여행,DTR_GEN_SEL_DESC_01,,f,2026-03-31 20:50:02.535802+09
3160,436,6,general_2,국내여행,DTR_GEN_SEL_CHILD_03,,f,2026-03-31 20:50:02.535802+09
3161,436,7,general_2,국내여행,DTR_GEN_SEL_SPC_04,,f,2026-03-31 20:50:02.535802+09
3162,436,8,general_3,은행,BNK_GEN_COM_DESC_01,,f,2026-03-31 20:50:02.535802+09
3163,436,9,general_3,은행,BNK_GEN_COM_CMP_03,,f,2026-03-31 20:50:02.535802+09
3164,436,10,general_3,은행,BNK_GEN_COM_SPC_04,,f,2026-03-31 20:50:02.535802+09
3165,436,11,roleplay,친척집,REL_RP_SEL_Q11_01,,f,2026-03-31 20:50:02.535802+09
3166,436,12,roleplay,친척집,REL_RP_SEL_Q12_02,,f,2026-03-31 20:50:02.535802+09
3167,436,13,roleplay,친척집,REL_RP_SEL_SPC_03,,f,2026-03-31 20:50:02.535802+09
3168,436,14,advance,전화기,PHN_ADV_COM_Q14_01,,f,2026-03-31 20:50:02.535802+09
3169,436,15,advance,전화기,PHN_ADV_COM_Q15_04,,f,2026-03-31 20:50:02.535802+09
3170,437,1,self_intro,자기소개,SLF_SYS_SYS_UNK_01,,f,2026-03-31 20:51:12.210583+09
3171,437,2,general_1,집,HSG_GEN_SEL_DESC_01,,f,2026-03-31 20:51:12.210583+09
3172,437,3,general_1,집,HSG_GEN_SEL_CMP_05,,f,2026-03-31 20:51:12.210583+09
3173,437,4,general_1,집,HSG_GEN_SEL_SPC_09,,f,2026-03-31 20:51:12.210583+09
3174,437,5,general_2,직장,WRK_GEN_COM_DESC_01,,f,2026-03-31 20:51:12.210583+09
3175,437,6,general_2,직장,WRK_GEN_COM_CMP_02,,f,2026-03-31 20:51:12.210583+09
3176,437,7,general_2,직장,WRK_GEN_COM_SPC_03,,f,2026-03-31 20:51:12.210583+09
3177,437,8,general_3,선호회사,PCO_GEN_COM_UNK_03,,f,2026-03-31 20:51:12.210583+09
3178,437,9,general_3,선호회사,PCO_GEN_COM_DESC_01,,f,2026-03-31 20:51:12.210583+09
3179,437,10,general_3,선호회사,PCO_GEN_COM_RTN_02,,f,2026-03-31 20:51:12.210583+09
3180,437,11,roleplay,공연,PFM_RP_SEL_Q11_01,,f,2026-03-31 20:51:12.210583+09
3181,437,12,roleplay,공연,PFM_RP_SEL_Q12_02,,f,2026-03-31 20:51:12.210583+09
3182,437,13,roleplay,공연,PFM_RP_SEL_SPC_03,,f,2026-03-31 20:51:12.210583+09
3183,437,14,advance,음악,MUS_ADV_SEL_Q14_01,,f,2026-03-31 20:51:12.210583+09
3184,437,15,advance,음악,MUS_ADV_SEL_Q15_02,,f,2026-03-31 20:51:12.210583+09
3185,438,1,self_intro,자기소개,SLF_SYS_SYS_UNK_01,,f,2026-03-31 20:52:33.872081+09
3186,438,2,general_1,음악,MUS_GEN_SEL_DESC_01,,f,2026-03-31 20:52:33.872081+09
3187,438,3,general_1,음악,MUS_GEN_SEL_RTN_02,,f,2026-03-31 20:52:33.872081+09
3188,438,4,general_1,음악,MUS_GEN_SEL_SPC_04,,f,2026-03-31 20:52:33.872081+09
3189,438,5,general_2,집,HSG_GEN_SEL_DESC_02,,f,2026-03-31 20:52:33.872081+09
3190,438,6,general_2,집,HSG_GEN_SEL_CMP_05,,f,2026-03-31 20:52:33.872081+09
3191,438,7,general_2,집,HSG_GEN_SEL_SPC_07,,f,2026-03-31 20:52:33.872081+09
3192,438,8,general_3,자유시간,FRT_GEN_COM_DESC_01,,f,2026-03-31 20:52:33.872081+09
3193,438,9,general_3,자유시간,FRT_GEN_COM_RTN_02,,f,2026-03-31 20:52:33.872081+09
3194,438,10,general_3,자유시간,FRT_GEN_COM_CMP_03,,f,2026-03-31 20:52:33.872081+09
3195,438,11,roleplay,여행,TRP_RP_SEL_Q11_01,,f,2026-03-31 20:52:33.872081+09
3196,438,12,roleplay,여행,TRP_RP_SEL_Q12_05,,f,2026-03-31 20:52:33.872081+09
3197,438,13,roleplay,여행,TRP_RP_SEL_SPC_07,,f,2026-03-31 20:52:33.872081+09
3198,438,14,advance,지형,GEO_ADV_COM_Q14_02,,f,2026-03-31 20:52:33.872081+09
3199,438,15,advance,지형,GEO_ADV_COM_Q15_03,,f,2026-03-31 20:52:33.872081+09
3200,439,1,self_intro,자기소개,SLF_SYS_SYS_UNK_01,,f,2026-03-31 20:52:58.936314+09
3201,439,2,general_1,집,HSG_GEN_SEL_DESC_01,,f,2026-03-31 20:52:58.936314+09
3202,439,3,general_1,집,HSG_GEN_SEL_RTN_03,,f,2026-03-31 20:52:58.936314+09
3203,439,4,general_1,집,HSG_GEN_SEL_SPC_09,,f,2026-03-31 20:52:58.936314+09
3204,439,5,general_2,국내여행,DTR_GEN_SEL_DESC_01,,f,2026-03-31 20:52:58.936314+09
3205,439,6,general_2,국내여행,DTR_GEN_SEL_CHILD_03,,f,2026-03-31 20:52:58.936314+09
3206,439,7,general_2,국내여행,DTR_GEN_SEL_SPC_04,,f,2026-03-31 20:52:58.936314+09
3207,439,8,general_3,지형,GEO_GEN_COM_DESC_01,,f,2026-03-31 20:52:58.936314+09
3208,439,9,general_3,지형,GEO_GEN_COM_CHILD_06,,f,2026-03-31 20:52:58.936314+09
3209,439,10,general_3,지형,GEO_GEN_COM_SPC_08,,f,2026-03-31 20:52:58.936314+09
3210,439,11,roleplay,은행,BNK_RP_COM_Q11_02,,f,2026-03-31 20:52:58.936314+09
3211,439,12,roleplay,은행,BNK_RP_COM_Q12_03,,f,2026-03-31 20:52:58.936314+09
3212,439,13,roleplay,은행,BNK_RP_COM_SPC_06,,f,2026-03-31 20:52:58.936314+09
3213,439,14,advance,음악,MUS_ADV_SEL_Q14_01,,f,2026-03-31 20:52:58.936314+09
3214,439,15,advance,음악,MUS_ADV_SEL_Q15_02,,f,2026-03-31 20:52:58.936314+09
3215,440,1,self_intro,자기소개,SLF_SYS_SYS_UNK_01,,f,2026-03-31 20:53:58.232773+09
3216,440,2,general_1,음악,MUS_GEN_SEL_RTN_02,,f,2026-03-31 20:53:58.232773+09
3217,440,3,general_1,음악,MUS_GEN_SEL_DESC_01,,f,2026-03-31 20:53:58.232773+09
3218,440,4,general_1,음악,MUS_GEN_SEL_CHILD_03,,f,2026-03-31 20:53:58.232773+09
3219,440,5,general_2,국내여행,DTR_GEN_SEL_DESC_01,,f,2026-03-31 20:53:58.232773+09
3220,440,6,general_2,국내여행,DTR_GEN_SEL_CHILD_03,,f,2026-03-31 20:53:58.232773+09
3221,440,7,general_2,국내여행,DTR_GEN_SEL_SPC_04,,f,2026-03-31 20:53:58.232773+09
3222,440,8,general_3,호텔,HTL_GEN_COM_SPC_04,,f,2026-03-31 20:53:58.232773+09
3223,440,9,general_3,호텔,HTL_GEN_COM_RCT_03,,f,2026-03-31 20:53:58.232773+09
3224,440,10,general_3,호텔,HTL_GEN_COM_DESC_01,,f,2026-03-31 20:53:58.232773+09
3228,440,14,advance,건강,HLT_ADV_COM_Q14_02,,f,2026-03-31 20:53:58.232773+09
3229,440,15,advance,건강,HLT_ADV_COM_Q15_03,,f,2026-03-31 20:53:58.232773+09
3230,441,1,self_intro,자기소개,SLF_SYS_SYS_UNK_01,,f,2026-03-31 20:53:58.572756+09
3231,441,2,general_1,약속,APM_GEN_COM_DESC_01,,f,2026-03-31 20:53:58.572756+09
3232,441,3,general_1,약속,APM_GEN_COM_RCT_04,,f,2026-03-31 20:53:58.572756+09
3233,441,4,general_1,예약,APT_GEN_COM_CHILD_03,,f,2026-03-31 20:53:58.572756+09
3234,441,5,general_2,음악,MUS_GEN_SEL_CHILD_03,,f,2026-03-31 20:53:58.572756+09
3235,441,6,general_2,음악,MUS_GEN_SEL_SPC_04,,f,2026-03-31 20:53:58.572756+09
3236,441,7,general_2,음악,MUS_GEN_SEL_DESC_01,,f,2026-03-31 20:53:58.572756+09
3237,441,8,general_3,집,HSG_GEN_SEL_DESC_01,,f,2026-03-31 20:53:58.572756+09
3238,441,9,general_3,집,HSG_GEN_SEL_SPC_09,,f,2026-03-31 20:53:58.572756+09
3239,441,10,general_3,집,HSG_GEN_SEL_SPC_10,,f,2026-03-31 20:53:58.572756+09
3240,441,11,roleplay,공연,PFM_RP_SEL_Q11_01,,f,2026-03-31 20:53:58.572756+09
3241,441,12,roleplay,공연,PFM_RP_SEL_Q12_02,,f,2026-03-31 20:53:58.572756+09
3242,441,13,roleplay,공연,PFM_RP_SEL_SPC_03,,f,2026-03-31 20:53:58.572756+09
3243,441,14,advance,지형,GEO_ADV_COM_Q14_01,,f,2026-03-31 20:53:58.572756+09
3244,441,15,advance,지형,GEO_ADV_COM_Q15_03,,f,2026-03-31 20:53:58.572756+09
3225,440,11,roleplay,공연,PFM_RP_SEL_Q11_01,,f,2026-03-31 20:53:58.232773+09
3226,440,12,roleplay,공연,PFM_RP_SEL_Q12_02,,f,2026-03-31 20:53:58.232773+09
3227,440,13,roleplay,공연,PFM_RP_SEL_SPC_03,,f,2026-03-31 20:53:58.232773+09
3245,442,1,self_intro,자기소개,SLF_SYS_SYS_UNK_01,,f,2026-03-31 20:57:55.408373+09
3246,442,2,general_1,집,HSG_GEN_SEL_DESC_01,,f,2026-03-31 20:57:55.408373+09
3247,442,3,general_1,집,HSG_GEN_SEL_RTN_03,,f,2026-03-31 20:57:55.408373+09
3248,442,4,general_1,집,HSG_GEN_SEL_SPC_09,,f,2026-03-31 20:57:55.408373+09
3249,442,5,general_2,국내여행,DTR_GEN_SEL_DESC_01,,f,2026-03-31 20:57:55.408373+09
3250,442,6,general_2,국내여행,DTR_GEN_SEL_CHILD_03,,f,2026-03-31 20:57:55.408373+09
3251,442,7,general_2,국내여행,DTR_GEN_SEL_SPC_04,,f,2026-03-31 20:57:55.408373+09
3252,442,8,general_3,기술,TEC_GEN_COM_CMP_03,,f,2026-03-31 20:57:55.408373+09
3253,442,9,general_3,기술,TEC_GEN_COM_SPC_04,,f,2026-03-31 20:57:55.408373+09
3254,442,10,general_3,기술,TEC_GEN_COM_DESC_01,,f,2026-03-31 20:57:55.408373+09
3255,442,11,roleplay,은행,BNK_RP_COM_Q11_02,,f,2026-03-31 20:57:55.408373+09
3256,442,12,roleplay,은행,BNK_RP_COM_Q12_03,,f,2026-03-31 20:57:55.408373+09
3257,442,13,roleplay,은행,BNK_RP_COM_Q12_04,,f,2026-03-31 20:57:55.408373+09
3258,442,14,advance,영화,MOV_ADV_SEL_Q15_02,,f,2026-03-31 20:57:55.408373+09
3259,442,15,advance,영화,MOV_ADV_SEL_Q14_01,,f,2026-03-31 20:57:55.408373+09
3260,443,1,self_intro,자기소개,SLF_SYS_SYS_UNK_01,,f,2026-03-31 20:58:49.535345+09
3261,443,2,general_1,지형,GEO_GEN_COM_DESC_02,,f,2026-03-31 20:58:49.535345+09
3262,443,3,general_1,지형,GEO_GEN_COM_CHILD_07,,f,2026-03-31 20:58:49.535345+09
3263,443,4,general_1,지형,GEO_GEN_COM_RTN_03,,f,2026-03-31 20:58:49.535345+09
3264,443,5,general_2,집에서 휴가,STV_GEN_SEL_DESC_01,,f,2026-03-31 20:58:49.535345+09
3265,443,6,general_2,집에서 휴가,STV_GEN_SEL_RCT_03,,f,2026-03-31 20:58:49.535345+09
3266,443,7,general_2,집에서 휴가,STV_GEN_SEL_SPC_04,,f,2026-03-31 20:58:49.535345+09
3267,443,8,general_3,날씨,WTH_GEN_COM_DESC_01,,f,2026-03-31 20:58:49.535345+09
3268,443,9,general_3,날씨,WTH_GEN_COM_CMP_03,,f,2026-03-31 20:58:49.535345+09
3269,443,10,general_3,날씨,WTH_GEN_COM_SPC_04,,f,2026-03-31 20:58:49.535345+09
3270,443,11,roleplay,MP3,MP3_RP_SEL_Q11_01,,f,2026-03-31 20:58:49.535345+09
3271,443,12,roleplay,MP3,MP3_RP_SEL_Q12_02,,f,2026-03-31 20:58:49.535345+09
3272,443,13,roleplay,MP3,MP3_RP_SEL_SPC_03,,f,2026-03-31 20:58:49.535345+09
3273,443,14,advance,집,HSG_ADV_SEL_Q14_02,,f,2026-03-31 20:58:49.535345+09
3274,443,15,advance,집,HSG_ADV_SEL_Q15_04,,f,2026-03-31 20:58:49.535345+09
3275,444,1,self_intro,자기소개,SLF_SYS_SYS_UNK_01,,f,2026-03-31 21:10:36.636563+09
3276,444,2,general_1,지형,GEO_GEN_COM_DESC_01,,f,2026-03-31 21:10:36.636563+09
3277,444,3,general_1,지형,GEO_GEN_COM_RTN_03,,f,2026-03-31 21:10:36.636563+09
3278,444,4,general_1,지형,GEO_GEN_COM_SPC_08,,f,2026-03-31 21:10:36.636563+09
3279,444,5,general_2,집,HSG_GEN_SEL_DESC_02,,f,2026-03-31 21:10:36.636563+09
3280,444,6,general_2,집,HSG_GEN_SEL_CHILD_06,,f,2026-03-31 21:10:36.636563+09
3281,444,7,general_2,집,HSG_GEN_SEL_SPC_07,,f,2026-03-31 21:10:36.636563+09
3282,444,8,general_3,음식점,RST_GEN_COM_DESC_04,,f,2026-03-31 21:10:36.636563+09
3283,444,9,general_3,음식점,RST_GEN_COM_DESC_01,,f,2026-03-31 21:10:36.636563+09
3284,444,10,general_3,음식점,RST_GEN_COM_CMP_10,,f,2026-03-31 21:10:36.636563+09
3285,444,11,roleplay,여행,TRP_RP_SEL_Q11_02,,f,2026-03-31 21:10:36.636563+09
3286,444,12,roleplay,여행,TRP_RP_SEL_Q12_05,,f,2026-03-31 21:10:36.636563+09
3287,444,13,roleplay,여행,TRP_RP_SEL_SPC_08,,f,2026-03-31 21:10:36.636563+09
3288,444,14,advance,음악,MUS_ADV_SEL_Q14_01,,f,2026-03-31 21:10:36.636563+09
3289,444,15,advance,음악,MUS_ADV_SEL_Q15_02,,f,2026-03-31 21:10:36.636563+09
3305,446,1,self_intro,자기소개,SLF_SYS_SYS_UNK_01,,f,2026-03-31 21:12:56.12509+09
3306,446,2,general_1,음악,MUS_GEN_SEL_DESC_01,,f,2026-03-31 21:12:56.12509+09
3307,446,3,general_1,음악,MUS_GEN_SEL_RTN_02,,f,2026-03-31 21:12:56.12509+09
3308,446,4,general_1,음악,MUS_GEN_SEL_CHILD_03,,f,2026-03-31 21:12:56.12509+09
3309,446,5,general_2,국내여행,DTR_GEN_SEL_DESC_01,,f,2026-03-31 21:12:56.12509+09
3310,446,6,general_2,국내여행,DTR_GEN_SEL_CHILD_03,,f,2026-03-31 21:12:56.12509+09
3311,446,7,general_2,국내여행,DTR_GEN_SEL_SPC_04,,f,2026-03-31 21:12:56.12509+09
3312,446,8,general_3,은행,BNK_GEN_COM_DESC_01,,f,2026-03-31 21:12:56.12509+09
3313,446,9,general_3,은행,BNK_GEN_COM_CMP_03,,f,2026-03-31 21:12:56.12509+09
3314,446,10,general_3,은행,BNK_GEN_COM_SPC_04,,f,2026-03-31 21:12:56.12509+09
3315,446,11,roleplay,친척집,REL_RP_SEL_Q11_01,,f,2026-03-31 21:12:56.12509+09
3316,446,12,roleplay,친척집,REL_RP_SEL_Q12_02,,f,2026-03-31 21:12:56.12509+09
3317,446,13,roleplay,친척집,REL_RP_SEL_SPC_03,,f,2026-03-31 21:12:56.12509+09
3318,446,14,advance,전화기,PHN_ADV_COM_Q14_01,,f,2026-03-31 21:12:56.12509+09
3319,446,15,advance,전화기,PHN_ADV_COM_Q15_04,,f,2026-03-31 21:12:56.12509+09
3320,447,1,self_intro,자기소개,SLF_SYS_SYS_UNK_01,,f,2026-03-31 21:13:29.473614+09
3321,447,2,general_1,국내여행,DTR_GEN_SEL_RTN_02,,f,2026-03-31 21:13:29.473614+09
3322,447,3,general_1,국내여행,DTR_GEN_SEL_SPC_04,,f,2026-03-31 21:13:29.473614+09
3323,447,4,general_1,국내여행,DTR_GEN_SEL_DESC_01,,f,2026-03-31 21:13:29.473614+09
3324,447,5,general_2,영화,MOV_GEN_SEL_DESC_01,,f,2026-03-31 21:13:29.473614+09
3325,447,6,general_2,영화,MOV_GEN_SEL_RTN_02,,f,2026-03-31 21:13:29.473614+09
3326,447,7,general_2,영화,MOV_GEN_SEL_RCT_03,,f,2026-03-31 21:13:29.473614+09
3327,447,8,general_3,음식점,RST_GEN_COM_DESC_01,,f,2026-03-31 21:13:29.473614+09
3328,447,9,general_3,음식점,RST_GEN_COM_RTN_08,,f,2026-03-31 21:13:29.473614+09
3329,447,10,general_3,음식점,RST_GEN_COM_CMP_10,,f,2026-03-31 21:13:29.473614+09
3330,447,11,roleplay,MP3,MP3_RP_SEL_Q11_01,,f,2026-03-31 21:13:29.473614+09
3331,447,12,roleplay,MP3,MP3_RP_SEL_Q12_02,,f,2026-03-31 21:13:29.473614+09
3332,447,13,roleplay,MP3,MP3_RP_SEL_SPC_03,,f,2026-03-31 21:13:29.473614+09
3333,447,14,advance,지형,GEO_ADV_COM_Q14_02,,f,2026-03-31 21:13:29.473614+09
3334,447,15,advance,지형,GEO_ADV_COM_Q15_04,,f,2026-03-31 21:13:29.473614+09
3335,448,1,self_intro,자기소개,SLF_SYS_SYS_UNK_01,,f,2026-03-31 21:14:04.186421+09
3336,448,2,general_1,쇼핑,SHP_GEN_SEL_DESC_01,,f,2026-03-31 21:14:04.186421+09
3337,448,3,general_1,쇼핑,SHP_GEN_SEL_CHILD_06,,f,2026-03-31 21:14:04.186421+09
3338,448,4,general_1,쇼핑,SHP_GEN_SEL_DESC_02,,f,2026-03-31 21:14:04.186421+09
3339,448,5,general_2,산업,IND_GEN_COM_CMP_05,,f,2026-03-31 21:14:04.186421+09
3340,448,6,general_2,산업,IND_GEN_COM_SPC_08,,f,2026-03-31 21:14:04.186421+09
3341,448,7,general_2,산업,IND_GEN_COM_SPC_07,,f,2026-03-31 21:14:04.186421+09
3342,448,8,general_3,음악,MUS_GEN_SEL_DESC_01,,f,2026-03-31 21:14:04.186421+09
3343,448,9,general_3,음악,MUS_GEN_SEL_CHILD_03,,f,2026-03-31 21:14:04.186421+09
3344,448,10,general_3,음악,MUS_GEN_SEL_SPC_04,,f,2026-03-31 21:14:04.186421+09
3345,448,11,roleplay,여행,TRP_RP_SEL_Q11_02,,f,2026-03-31 21:14:04.186421+09
3346,448,12,roleplay,여행,TRP_RP_SEL_Q12_05,,f,2026-03-31 21:14:04.186421+09
3347,448,13,roleplay,여행,TRP_RP_SEL_SPC_08,,f,2026-03-31 21:14:04.186421+09
3348,448,14,advance,전화기,PHN_ADV_COM_Q14_03,,f,2026-03-31 21:14:04.186421+09
3349,448,15,advance,전화기,PHN_ADV_COM_Q15_06,,f,2026-03-31 21:14:04.186421+09
3350,449,1,self_intro,자기소개,SLF_SYS_SYS_UNK_01,,f,2026-03-31 21:14:48.098302+09
3351,449,2,general_1,집,HSG_GEN_SEL_DESC_01,,f,2026-03-31 21:14:48.098302+09
3352,449,3,general_1,집,HSG_GEN_SEL_DESC_02,,f,2026-03-31 21:14:48.098302+09
3353,449,4,general_1,집,HSG_GEN_SEL_RTN_03,,f,2026-03-31 21:14:48.098302+09
3354,449,5,general_2,교통,TRN_GEN_COM_DESC_01,,f,2026-03-31 21:14:48.098302+09
3355,449,6,general_2,교통,TRN_GEN_COM_CMP_03,,f,2026-03-31 21:14:48.098302+09
3356,449,7,general_2,교통,TRN_GEN_COM_SPC_04,,f,2026-03-31 21:14:48.098302+09
3357,449,8,general_3,지형,GEO_GEN_COM_DESC_01,,f,2026-03-31 21:14:48.098302+09
3358,449,9,general_3,지형,GEO_GEN_COM_CHILD_06,,f,2026-03-31 21:14:48.098302+09
3359,449,10,general_3,지형,GEO_GEN_COM_CHILD_07,,f,2026-03-31 21:14:48.098302+09
3360,449,11,roleplay,공연,PFM_RP_SEL_Q11_01,,f,2026-03-31 21:14:48.098302+09
3361,449,12,roleplay,공연,PFM_RP_SEL_Q12_02,,f,2026-03-31 21:14:48.098302+09
3362,449,13,roleplay,공연,PFM_RP_SEL_SPC_03,,f,2026-03-31 21:14:48.098302+09
3363,449,14,advance,음악,MUS_ADV_SEL_Q14_01,,f,2026-03-31 21:14:48.098302+09
3364,449,15,advance,음악,MUS_ADV_SEL_Q15_02,,f,2026-03-31 21:14:48.098302+09
3365,450,1,self_intro,자기소개,SLF_SYS_SYS_UNK_01,,f,2026-03-31 21:15:26.855557+09
3366,450,2,general_1,쇼핑,SHP_GEN_SEL_DESC_01,,f,2026-03-31 21:15:26.855557+09
3367,450,3,general_1,쇼핑,SHP_GEN_SEL_DESC_02,,f,2026-03-31 21:15:26.855557+09
3368,450,4,general_1,쇼핑,SHP_GEN_SEL_SPC_07,,f,2026-03-31 21:15:26.855557+09
3369,450,5,general_2,은행,BNK_GEN_COM_DESC_01,,f,2026-03-31 21:15:26.855557+09
3370,450,6,general_2,은행,BNK_GEN_COM_CMP_03,,f,2026-03-31 21:15:26.855557+09
3371,450,7,general_2,은행,BNK_GEN_COM_SPC_04,,f,2026-03-31 21:15:26.855557+09
3372,450,8,general_3,집,HSG_GEN_SEL_DESC_01,,f,2026-03-31 21:15:26.855557+09
3373,450,9,general_3,집,HSG_GEN_SEL_SPC_09,,f,2026-03-31 21:15:26.855557+09
3374,450,10,general_3,집,HSG_GEN_SEL_SPC_10,,f,2026-03-31 21:15:26.855557+09
3375,450,11,roleplay,공연,PFM_RP_SEL_Q11_01,,f,2026-03-31 21:15:26.855557+09
3376,450,12,roleplay,공연,PFM_RP_SEL_Q12_02,,f,2026-03-31 21:15:26.855557+09
3377,450,13,roleplay,공연,PFM_RP_SEL_SPC_03,,f,2026-03-31 21:15:26.855557+09
3378,450,14,advance,지형,GEO_ADV_COM_Q14_02,,f,2026-03-31 21:15:26.855557+09
3379,450,15,advance,지형,GEO_ADV_COM_Q15_04,,f,2026-03-31 21:15:26.855557+09
3380,451,1,self_intro,자기소개,SLF_SYS_SYS_UNK_01,,f,2026-03-31 21:17:00.014062+09
3381,451,2,general_1,지형,GEO_GEN_COM_RTN_04,,f,2026-03-31 21:17:00.014062+09
3382,451,3,general_1,지형,GEO_GEN_COM_DESC_02,,f,2026-03-31 21:17:00.014062+09
3383,451,4,general_1,지형,GEO_GEN_COM_CHILD_07,,f,2026-03-31 21:17:00.014062+09
3384,451,5,general_2,쇼핑,SHP_GEN_SEL_DESC_03,,f,2026-03-31 21:17:00.014062+09
3385,451,6,general_2,쇼핑,SHP_GEN_SEL_CHILD_05,,f,2026-03-31 21:17:00.014062+09
3386,451,7,general_2,쇼핑,SHP_GEN_SEL_SPC_08,,f,2026-03-31 21:17:00.014062+09
3387,451,8,general_3,집,HSG_GEN_SEL_DESC_02,,f,2026-03-31 21:17:00.014062+09
3388,451,9,general_3,집,HSG_GEN_SEL_CMP_05,,f,2026-03-31 21:17:00.014062+09
3389,451,10,general_3,집,HSG_GEN_SEL_SPC_07,,f,2026-03-31 21:17:00.014062+09
3390,451,11,roleplay,영양사,NTR_RP_COM_Q11_01,,f,2026-03-31 21:17:00.014062+09
3391,451,12,roleplay,영양사,NTR_RP_COM_Q12_02,,f,2026-03-31 21:17:00.014062+09
3392,451,13,roleplay,영양사,NTR_RP_COM_SPC_03,,f,2026-03-31 21:17:00.014062+09
3393,451,14,advance,해외여행,OTR_ADV_SEL_Q14_01,,f,2026-03-31 21:17:00.014062+09
3394,451,15,advance,해외여행,OTR_ADV_SEL_Q15_02,,f,2026-03-31 21:17:00.014062+09
3395,452,1,self_intro,자기소개,SLF_SYS_SYS_UNK_01,,f,2026-03-31 21:17:32.381055+09
3396,452,2,general_1,집에서 휴가,STV_GEN_SEL_DESC_01,,f,2026-03-31 21:17:32.381055+09
3397,452,3,general_1,집에서 휴가,STV_GEN_SEL_RTN_02,,f,2026-03-31 21:17:32.381055+09
3398,452,4,general_1,집에서 휴가,STV_GEN_SEL_RCT_03,,f,2026-03-31 21:17:32.381055+09
3399,452,5,general_2,집,HSG_GEN_SEL_DESC_02,,f,2026-03-31 21:17:32.381055+09
3400,452,6,general_2,집,HSG_GEN_SEL_CMP_05,,f,2026-03-31 21:17:32.381055+09
3401,452,7,general_2,집,HSG_GEN_SEL_SPC_07,,f,2026-03-31 21:17:32.381055+09
3402,452,8,general_3,지형,GEO_GEN_COM_DESC_02,,f,2026-03-31 21:17:32.381055+09
3403,452,9,general_3,지형,GEO_GEN_COM_CHILD_07,,f,2026-03-31 21:17:32.381055+09
3404,452,10,general_3,지형,GEO_GEN_COM_CMP_05,,f,2026-03-31 21:17:32.381055+09
3405,452,11,roleplay,MP3,MP3_RP_SEL_Q11_01,,f,2026-03-31 21:17:32.381055+09
3406,452,12,roleplay,MP3,MP3_RP_SEL_Q12_02,,f,2026-03-31 21:17:32.381055+09
3407,452,13,roleplay,MP3,MP3_RP_SEL_SPC_03,,f,2026-03-31 21:17:32.381055+09
3408,452,14,advance,재활용,RCY_ADV_COM_Q14_01,,f,2026-03-31 21:17:32.381055+09
3409,452,15,advance,재활용,RCY_ADV_COM_Q15_03,,f,2026-03-31 21:17:32.381055+09
